{
  "timestamp": [
    "10:00:00",
    "10:01:00",
    "10:02:00",
    "10:03:00",
    "10:04:00",
    "10:05:00",
    "10:06:00",
    "10:07:00",
    "10:08:00",
    "10:09:00",
    "10:10:00",
    "10:11:00",
    "10:12:00",
    "10:13:00",
    "10:14:00",
    "10:15:00",
    "10:16:00",
    "10:17:00",
    "10:18:00",
    "10:19:00",
    "10:20:00",
    "10:21:00",
    "10:22:00",
    "10:23:00",
    "10:24:00",
    "10:25:00",
    "10:26:00",
    "10:27:00",
    "10:28:00",
    "10:29:00",
    "10:30:00",
    "10:31:00",
    "10:32:00",
    "10:33:00",
    "10:34:00",
    "10:35:00",
    "10:36:00",
    "10:37:00",
    "10:38:00",
    "10:39:00"
  ],
  "cpu_percent": [
    25.0,
    25.3,
    25.6,
    25.9,
    26.2,
    26.5,
    26.8,
    27.1,
    27.4,
    27.7,
    28.0,
    28.3,
    28.6,
    28.9,
    29.2,
    29.5,
    29.8,
    30.1,
    30.4,
    30.7,
    31.0,
    31.3,
    31.6,
    31.9,
    32.2,
    32.5,
    32.8,
    33.1,
    33.4,
    33.7,
    34.0,
    34.3,
    34.6,
    34.9,
    35.2,
    35.5,
    35.8,
    36.1,
    36.4,
    36.7
  ],
  "memory_mb": [
    300,
    305,
    310,
    315,
    320,
    325,
    330,
    335,
    340,
    345,
    350,
    355,
    360,
    365,
    370,
    375,
    380,
    385,
    390,
    395,
    400,
    405,
    410,
    415,
    420,
    425,
    430,
    435,
    440,
    445,
    450,
    455,
    460,
    465,
    470,
    475,
    480,
    485,
    490,
    495
  ],
  "latency_ms": [
    100,
    104,
    108,
    112,
    116,
    120,
    124,
    128,
    132,
    136,
    140,
    144,
    148,
    152,
    156,
    160,
    164,
    168,
    172,
    176,
    180,
    184,
    188,
    192,
    196,
    200,
    204,
    208,
    212,
    216,
    220,
    224,
    228,
    232,
    236,
    240,
    244,
    248,
    252,
    256
  ],
  "error_rate": [
    0,
    0,
    0,
    0,
    0,
    0,
    0,
    0,
    0,
    0,
    0,
    0,
    0,
    0,
    0.35,
    0.7,
    1.0499999999999998,
    1.4,
    1.75,
    2.0999999999999996,
    2.4499999999999997,
    2.8,
    3.15,
    3.5,
    3.8499999999999996,
    4.199999999999999,
    4.55,
    4.8999999999999995,
    5.25,
    5.6,
    5.949999999999999,
    6.3,
    6.6499999999999995,
    7.0,
    7.35,
    7.699999999999999,
    8.049999999999999,
    8.399999999999999,
    8.75,
    9.0
  ],
  "qps": [
    200,
    201,
    202,
    203,
    204,
    205,
    206,
    207,
    208,
    209,
    210,
    211,
    212,
    213,
    214,
    215,
    216,
    217,
    218,
    219,
    220,
    221,
    222,
    223,
    224,
    225,
    226,
    227,
    228,
    229,
    230,
    231,
    232,
    233,
    234,
    235,
    236,
    237,
    238,
    239
  ],
  "network_rx_kb": [
    400,
    404,
    408,
    412,
    416,
    420,
    424,
    428,
    432,
    436,
    440,
    444,
    448,
    452,
    456,
    460,
    464,
    468,
    472,
    476,
    480,
    484,
    488,
    492,
    496,
    500,
    504,
    508,
    512,
    516,
    520,
    524,
    528,
    532,
    536,
    540,
    544,
    548,
    552,
    556
  ],
  "network_tx_kb": [
    250,
    253,
    256,
    259,
    262,
    265,
    268,
    271,
    274,
    277,
    280,
    283,
    286,
    289,
    292,
    295,
    298,
    301,
    304,
    307,
    310,
    313,
    316,
    319,
    322,
    325,
    328,
    331,
    334,
    337,
    340,
    343,
    346,
    349,
    352,
    355,
    358,
    361,
    364,
    367
  ],
  "disk_read_iops": [
    60.0,
    60.5,
    61.0,
    61.5,
    62.0,
    62.5,
    63.0,
    63.5,
    64.0,
    64.5,
    65.0,
    65.5,
    66.0,
    66.5,
    67.0,
    67.5,
    68.0,
    68.5,
    69.0,
    69.5,
    70.0,
    70.5,
    71.0,
    71.5,
    72.0,
    72.5,
    73.0,
    73.5,
    74.0,
    74.5,
    75.0,
    75.5,
    76.0,
    76.5,
    77.0,
    77.5,
    78.0,
    78.5,
    79.0,
    79.5
  ],
  "disk_write_iops": [
    30,
    30,
    30,
    30,
    31,
    31,
    31,
    31,
    32,
    32,
    32,
    32,
    33,
    33,
    33,
    33,
    34,
    34,
    34,
    34,
    35,
    35,
    35,
    35,
    36,
    36,
    36,
    36,
    37,
    37,
    37,
    37,
    38,
    38,
    38,
    38,
    39,
    39,
    39,
    39
  ],
  "thread_count": [
    50,
    50,
    50,
    50,
    50,
    50,
    51,
    51,
    51,
    51,
    51,
    51,
    52,
    52,
    52,
    52,
    52,
    52,
    53,
    53,
    53,
    53,
    53,
    53,
    54,
    54,
    54,
    54,
    54,
    54,
    55,
    55,
    55,
    55,
    55,
    55,
    56,
    56,
    56,
    56
  ],
  "gc_pause_ms": [
    4,
    4,
    4,
    4,
    4,
    4,
    4,
    4,
    4,
    4,
    5,
    5,
    5,
    5,
    5,
    5,
    5,
    5,
    5,
    5,
    6,
    6,
    6,
    6,
    6,
    6,
    6,
    6,
    6,
    6,
    7,
    7,
    7,
    7,
    7,
    7,
    7,
    7,
    7,
    7
  ],
  "container_restarts": [
    0,
    0,
    0,
    0,
    0,
    0,
    0,
    0,
    0,
    0,
    0,
    0,
    0,
    0,
    0,
    0,
    0,
    0,
    0,
    0,
    0,
    0,
    0,
    0,
    0,
    0,
    0,
    0,
    0,
    0,
    0,
    0,
    0,
    0,
    0,
    0,
    0,
    0,
    0,
    0
  ]
}