{
  "timestamp": [
    "10:00:00",
    "10:01:00",
    "10:02:00",
    "10:03:00",
    "10:04:00",
    "10:05:00",
    "10:06:00",
    "10:07:00",
    "10:08:00",
    "10:09:00",
    "10:10:00",
    "10:11:00",
    "10:12:00",
    "10:13:00",
    "10:14:00",
    "10:15:00",
    "10:16:00",
    "10:17:00",
    "10:18:00",
    "10:19:00",
    "10:20:00",
    "10:21:00",
    "10:22:00",
    "10:23:00",
    "10:24:00",
    "10:25:00",
    "10:26:00",
    "10:27:00",
    "10:28:00",
    "10:29:00",
    "10:30:00",
    "10:31:00",
    "10:32:00",
    "10:33:00",
    "10:34:00",
    "10:35:00",
    "10:36:00",
    "10:37:00",
    "10:38:00",
    "10:39:00"
  ],
  "cpu_percent": [
    20.0,
    20.5,
    21.0,
    21.5,
    22.0,
    22.5,
    23.0,
    23.5,
    24.0,
    24.5,
    25.0,
    25.5,
    26.0,
    26.5,
    27.0,
    27.5,
    28.0,
    28.5,
    29.0,
    29.5,
    30.0,
    30.5,
    31.0,
    31.5,
    32.0,
    32.5,
    33.0,
    33.5,
    34.0,
    34.5,
    35.0,
    35.5,
    36.0,
    36.5,
    37.0,
    37.5,
    38.0,
    38.5,
    39.0,
    39.5
  ],
  "memory_mb": [
    220,
    235,
    250,
    265,
    280,
    295,
    310,
    325,
    340,
    355,
    370,
    385,
    400,
    415,
    430,
    445,
    460,
    475,
    490,
    505,
    520,
    535,
    550,
    565,
    580,
    595,
    610,
    625,
    640,
    655,
    670,
    685,
    700,
    715,
    730,
    745,
    760,
    775,
    790,
    805
  ],
  "latency_ms": [
    90,
    98,
    106,
    114,
    122,
    130,
    138,
    146,
    154,
    162,
    170,
    178,
    186,
    194,
    202,
    210,
    218,
    226,
    234,
    242,
    250,
    258,
    266,
    274,
    282,
    290,
    298,
    306,
    314,
    322,
    330,
    338,
    346,
    354,
    362,
    370,
    378,
    386,
    394,
    402
  ],
  "error_rate": [
    0,
    0,
    0,
    0,
    0,
    0,
    0,
    0,
    0,
    0,
    0.3,
    0.6,
    0.8999999999999999,
    1.2,
    1.5,
    1.7999999999999998,
    2.1,
    2.4,
    2.6999999999999997,
    3.0,
    3.3,
    3.5999999999999996,
    3.9,
    4.2,
    4.5,
    4.8,
    5.0,
    5.0,
    5.0,
    5.0,
    5.0,
    5.0,
    5.0,
    5.0,
    5.0,
    5.0,
    5.0,
    5.0,
    5.0,
    5.0
  ],
  "qps": [
    120,
    121,
    122,
    123,
    124,
    125,
    126,
    127,
    128,
    129,
    130,
    131,
    132,
    133,
    134,
    135,
    136,
    137,
    138,
    139,
    140,
    141,
    142,
    143,
    144,
    145,
    146,
    147,
    148,
    149,
    150,
    151,
    152,
    153,
    154,
    155,
    156,
    157,
    158,
    159
  ],
  "network_rx_kb": [
    300,
    303,
    306,
    309,
    312,
    315,
    318,
    321,
    324,
    327,
    330,
    333,
    336,
    339,
    342,
    345,
    348,
    351,
    354,
    357,
    360,
    363,
    366,
    369,
    372,
    375,
    378,
    381,
    384,
    387,
    390,
    393,
    396,
    399,
    402,
    405,
    408,
    411,
    414,
    417
  ],
  "network_tx_kb": [
    200,
    202,
    204,
    206,
    208,
    210,
    212,
    214,
    216,
    218,
    220,
    222,
    224,
    226,
    228,
    230,
    232,
    234,
    236,
    238,
    240,
    242,
    244,
    246,
    248,
    250,
    252,
    254,
    256,
    258,
    260,
    262,
    264,
    266,
    268,
    270,
    272,
    274,
    276,
    278
  ],
  "disk_read_iops": [
    50,
    51,
    52,
    53,
    54,
    55,
    56,
    57,
    58,
    59,
    60,
    61,
    62,
    63,
    64,
    65,
    66,
    67,
    68,
    69,
    70,
    71,
    72,
    73,
    74,
    75,
    76,
    77,
    78,
    79,
    80,
    81,
    82,
    83,
    84,
    85,
    86,
    87,
    88,
    89
  ],
  "disk_write_iops": [
    20,
    20,
    20,
    20,
    20,
    21,
    21,
    21,
    21,
    21,
    22,
    22,
    22,
    22,
    22,
    23,
    23,
    23,
    23,
    23,
    24,
    24,
    24,
    24,
    24,
    25,
    25,
    25,
    25,
    25,
    26,
    26,
    26,
    26,
    26,
    27,
    27,
    27,
    27,
    27
  ],
  "thread_count": [
    40,
    40,
    40,
    40,
    40,
    40,
    40,
    40,
    41,
    41,
    41,
    41,
    41,
    41,
    41,
    41,
    42,
    42,
    42,
    42,
    42,
    42,
    42,
    42,
    43,
    43,
    43,
    43,
    43,
    43,
    43,
    43,
    44,
    44,
    44,
    44,
    44,
    44,
    44,
    44
  ],
  "gc_pause_ms": [
    3,
    3,
    3,
    3,
    3,
    3,
    3,
    3,
    3,
    3,
    3.5,
    4.0,
    4.5,
    5.0,
    5.5,
    6.0,
    6.5,
    7.0,
    7.5,
    8.0,
    8.5,
    9.0,
    9.5,
    10.0,
    10.5,
    11.0,
    11.5,
    12.0,
    12.5,
    13.0,
    13.5,
    14.0,
    14.5,
    15.0,
    15.5,
    16.0,
    16.5,
    17.0,
    17.5,
    18.0
  ],
  "container_restarts": [
    0,
    0,
    0,
    0,
    0,
    0,
    0,
    0,
    0,
    0,
    0,
    0,
    0,
    0,
    0,
    0,
    0,
    0,
    0,
    0,
    0,
    0,
    0,
    0,
    0,
    0,
    0,
    0,
    0,
    1,
    1,
    1,
    1,
    1,
    2,
    2,
    2,
    2,
    2,
    3
  ]
}